id,universidad,programa,ciudad,modalidad,duracion_months,precio_total_eur,credito_ECTS,porcentaje_analitico,porcentaje_gerencial,enfoque_practico,practicas_ofrecidas,componentes_curriculares,salida_laboral,keywords,analisis_consultor
1,UPM,Máster en Ingeniería de Organización y Dirección Industrial,Madrid,Presencial,12,8500,60,40,60,4,TRUE,"Gestión de Operaciones, Logística, Finanzas para Ingenieros, Data for Business","Jefe de Operaciones, Consultor de Procesos, Project Manager","operaciones, procesos, data",Este es un máster clásico para Ingenieros Industriales que quieren dar el salto a la gestión. Su fortaleza es la base sólida en dirección de operaciones y procesos. La parte de 'Data for Business' es una modernización necesaria, pero no es un programa de 'Data Science'. Te prepara para ser un excelente director de planta u operaciones que entiende y usa los datos, pero no para ser el especialista que crea los modelos.
2,UPC,Máster en Smart Operations y Analítica de Datos,Barcelona,Presencial,12,9200,60,65,35,5,TRUE,"IoT Industrial, Simulación de Procesos, Machine Learning Aplicado, Cloud Computing","Process Data Scientist, Operations Analyst, Ingeniero de Smart Factory","operaciones, analitica, industria 4.0",Esta es una de las opciones más potentes y modernas. Ataca directamente la necesidad de un IE: aplicar las técnicas más avanzadas de analítica y ML no a datos genéricos, sino a datos de operaciones (IoT, sensores, etc.). Te posiciona en un rol muy demandado que escasea: el experto en optimizar la fábrica con IA.
3,Universidad de Navarra (TECNUN),Máster en Ingeniería Industrial y Transformación Digital,San Sebastián,Presencial,12,16500,60,50,50,4,TRUE,"Sistemas Ciberfísicos, Estrategia Digital, Gestión de la Innovación, Analítica Predictiva","Líder de Transformación Digital, Consultor de Negocio Digital, Product Owner","industria 4.0, digital, analitica",TECNUN tiene un gran prestigio y conexión con la industria. Este máster es un híbrido muy bien balanceado. No solo te enseña la tecnología de la Industria 4.0, sino también el componente estratégico y de gestión del cambio necesario para implementarla. Es menos 'hardcore' en programación que el de la UPC, pero te da una visión más completa de negocio.
4,ICAI - Comillas,Máster en Industria Conectada,Madrid,Presencial,12,19800,60,60,40,4,TRUE,"Automatización y Robótica, Plataformas IoT, Analítica de Datos Industriales, Ciberseguridad","Especialista en Industria 4.0, Consultor Tecnológico, Arquitecto de soluciones IoT","industria 4.0, iot, analitica",ICAI tiene un enorme prestigio y una red de contactos de primer nivel. Este programa es una apuesta segura en términos de empleabilidad y calidad. Es similar en enfoque al de la UPC pero con el sello y la red de una escuela privada de élite. El foco en ciberseguridad industrial es un diferenciador importante.
5,OBS Business School,Máster en Digital Supply Chain Management,Online,12,8900,60,45,55,3,TRUE,"Logística 4.0, Planificación de Demanda con IA, e-Logistics, Compras 4.0","Digital Supply Chain Manager, Demand Planner, Consultor de Logística","supply chain, digital, analitica",Para un IE, la cadena de suministro es un área natural de crecimiento. Este máster online te especializa en la digitalización de esta función, un campo con un ROI altísimo. Aprenderás a usar IA para la predicción de la demanda y a optimizar la logística con tecnología. Es un perfil muy concreto y con una empleabilidad excelente.
6,La Salle - URL,Máster en Ingeniería de Software y Sistemas de Información,Barcelona,Online,12,16000,60,80,20,4,TRUE,"Arquitectura de Software, Metodologías Ágiles, Gestión de Proyectos de TI, Cloud Native","Software Engineer, Arquitecto de Soluciones, Tech Lead","software, it, tech",Aunque parece muy informático, es una opción interesante. Como IE entiendes el 'qué' y el 'porqué'. Este máster te enseñaría el 'cómo' se construyen las soluciones digitales. No es para optimizar la fábrica, sino para liderar la creación de las herramientas de software que la optimizan. Te daría una capacidad técnica muy superior.
7,EIT Manufacturing Master School,Master in Data Science for Manufacturing (Doble Título),Europa,Presencial,24,16000,120,70,30,5,TRUE,"Manufacturing Processes, Data Analytics, Machine Learning, Entrepreneurship","Manufacturing Data Scientist, Production Planner, Innovation Manager","industria 4.0, analitica, operaciones",Este es el programa más completo y con mayor proyección internacional. Es un doble máster europeo (cursas cada año en una universidad distinta). Está 100% enfocado en tu perfil: aplicar Data Science al entorno de fabricación. La parte de emprendimiento es un plus. Requiere movilidad y buen nivel de inglés, pero es una opción de altísimo nivel.
8,Zaragoza Logistics Center (ZLC),Máster en Dirección de Supply Chain (ZLOG),Zaragoza,Presencial,10,18500,60,40,60,5,TRUE,"Inventario, Transporte, Estrategia de SC, Finanzas de SC, Data Analytics","Director de Supply Chain, Consultor Logístico, Jefe de Operaciones","supply chain, operaciones, logistica",El ZLC es un referente mundial en logística, afiliado al MIT. Este programa es considerado el 'MBA de la logística'. Aunque su foco principal es la estrategia y gestión de la cadena de suministro, ha incorporado con fuerza la analítica de datos como pilar para la toma de decisiones. Es más gerencial que técnico, pero con un rigor analítico altísimo.
9,UPV,Máster Universitario en Gestión de Empresas, Productos y Servicios (MUEGPS),Valencia,Presencial,12,7500,60,20,80,4,TRUE,"Dirección de Marketing, Gestión de la Calidad, Dirección Financiera, Estrategia","Jefe de Producto, Responsable de Calidad, Consultor de negocio","procesos, producto, gestion",Este es el 'MBA para técnicos' de la Politécnica de Valencia. Es una alternativa más económica a una escuela de negocios. Es fuertemente gerencial, pero con el enfoque de procesos y calidad que un ingeniero industrial valora. La parte analítica es muy ligera; es un máster para aprender a gestionar un negocio, no para analizarlo con profundidad.
10,IEBS,Postgrado en Industria 4.0 y Transformación Digital,Online,7,6750,30,70,3,FALSE,"IoT, Big Data, Robótica, Blockchain, Metodologías Ágiles","Consultor de Transformación Digital, Project Manager Digital","industria 4.0, digital, agile",Una opción corta y económica para obtener una visión 360 de las tecnologías de la Industria 4.0. No profundiza en ninguna, pero te da el vocabulario y el marco conceptual para entender el ecosistema. Es ideal como 'curso de actualización' o si quieres un rol más de gestión de proyectos ágiles en entornos tecnológicos.
11,UNIR,Máster en Industria 4.0,Online,12,8200,60,60,40,3,TRUE,"Sistemas de control, Robótica colaborativa, Ciberseguridad, Simulación","Ingeniero de Automatización, Especialista en Smart Factory","industria 4.0, automatizacion, robotica",Muy enfocado a la parte técnica de la automatización y el control de procesos industriales. Es perfecto si tu interés está en el 'hardware' y la robótica de la nueva industria. Aprenderás a implementar y gestionar estas tecnologías. El componente de análisis de datos es un soporte a la simulación y el control, no el eje central.
12,ESCP Business School,MSc in Big Data and Business Analytics,Madrid/Berlín,Presencial,12,19500,60,60,40,4,TRUE,"Data Strategy, Machine Learning, Business Intelligence, Data-Driven Management","Consultor de Datos, Analista de Negocio, Manager de BI","analitica, business intelligence, estrategia",A pesar de ser una escuela de negocios, este máster tiene un componente técnico y cuantitativo muy respetable. Es un híbrido real que busca formar 'managers que entienden el código'. El enfoque es multisectorial, no específico para industria, pero te daría una base analítica y de negocio muy sólida. Tiene un gran prestigio internacional.
